feature,seq,kind
META01,AGAAGCCGTGTGCCGGTCTA,META
META02,ATCGTGCGGACGAGACAGCA,META
META03,AATCCTAGCACCGGTTCGCC,META
META04,ACGTGTTGCAGGTGCACTCG,META
META05,ACACCACACGGCCTAGAGTC,META
META06,TGGACAATCACGCGACCAGC,META
META07,TCATCTAACGCGCACCGTGC,META
META08,TTCGTCGGCTCTCTCGAACC,META
META09,TGGTGGAGCGTGCAGACTCT,META
META10,TATCTTCCTGCGCAGCGGAC,META
META11,CTGACGTGTGAGGCGCTAGA,META
META12,CCATCATCCAACCGGCTTCG,META
META13,CACGAGAAGCCGTCCGCTTA,META
META14,CGTACGTGCAACACTCCGCT,META
META15,CTTGGTCAGGCGAGAAGCAC,META
META16,GGCGTGATCAGTGCGTGGAT,META
META17,GAGCGTTTGGTGACCGCCAT,META
META18,GCCTGCGGTCCATTGACCTA,META
META19,GTAAGCCACTCCAGCGTCAC,META
RNF2,TGGCAGTCATCTTAGTCATTACGACAGGTGTTCGTTGTAACTCATATA,TARGET
HEK3,CTTGGGGCCCAGACTGAGCACGACTTGGCAGAGGAAAGGAAGCCCTGCTTCCTCCAGAGGGCGTCGCA,TARGET
EMX1,GGCCTGAGTCCGAGCAGAAGAACTTGGGCTCCCATCACATCAACCGGTGG,TARGET
